_run_,_error_,pcm.thermalConductor.G,pcm.Lf.Tmc,pcm.Lf.Tmh
1,0.000985864920225864,14.682615757193975,294.05399194140176,297.15
2,0.0009773143685629577,15.0,293.99609903451386,297.15
3,0.0009869024496536036,14.401074823333671,293.59304218172696,297.15
