_run_,_error_,pcm.thermalConductor.G,pcm.Lf.Tmc,pcm.Lf.Tmh
1,0.001237743424871919,15.0,293.7920833527722,296.55709208839636
2,0.0010000404795971207,15.0,293.4930370858331,297.15
3,0.000999184120138284,15.0,293.4973333626243,297.15
