_run_,_error_,pcm.thermalConductor.G,pcm.Lf.Tmc,pcm.Lf.Tmh
1,0.0009976751573404325,14.915422907986041,293.5072221476131,297.15
2,0.0009955603861776996,15.0,294.13133772362596,297.15
3,0.0010057280717042413,14.581649304584614,294.1703287538707,297.15
