_run_,_error_,pcm.thermalConductor.G,pcm.Lf.Tmc,pcm.Lf.Tmh
1,0.0009693576517172735,15.0,293.8037659912738,297.15
2,0.0009726282649736364,15.0,293.9340135824485,297.15
3,0.00097151245797532,15.0,293.91113510080476,297.15
