_run_,_error_,pcm.thermalConductor.G,pcm.Lf.Tmc,pcm.Lf.Tmh
1,0.0010094001923705367,11.865009276815837,294.04998681355283,297.15
2,0.000994376884295718,13.859420993107745,293.56562190264356,297.15
3,0.0010733881321970315,15.0,294.21757767036587,296.97517564124655
