pcm.thermalConductor.G,pcm.Lf.Tmc,pcm.Lf.Tmh
13.859420993107745,293.56562190264356,297.15
