_run_,_error_,pcm.thermalConductor.G,pcm.Lf.Tmc,pcm.Lf.Tmh
1,0.0009698934996949795,15.0,293.8614665560871,297.15
2,0.0009747239506168436,15.0,293.9662763776375,297.15
3,0.0009702979515572116,15.0,293.7485627535551,297.15
