_run_,_error_,pcm.thermalConductor.G,pcm.Lf.Tmc,pcm.Lf.Tmh
1,0.0009692772153190531,15.0,293.80977074068056,297.15
2,0.0009692880381622555,15.0,293.8199006668846,297.15
3,0.0009693536026442525,15.0,293.79694537912457,297.15
