_run_,_error_,pcm.thermalConductor.G,pcm.Lf.Tmc,pcm.Lf.Tmh
1,0.0009717703580821108,15.0,293.91750845580185,297.15
2,0.0009746192409487461,15.0,293.964570078874,297.15
3,0.0010092230312880941,15.0,293.45088590350804,297.15
